"Activate Now","Activate Now"
"Update this license","Update this license"
"User Guide","User Guide"
FAQs,FAQs
"Change Log","Change Log"
"Check Latest Version","Check Latest Version"
"Invalid data.","Invalid data."
"Cannot connect to server. Please try again later.","Cannot connect to server. Please try again later."
Announcement,Announcement
"New & Update extensions","New & Update extensions"
"Promotions ","Promotions "
"Module Information","Module Information"
Version,Version
"Register Name","Register Name"
"Register Email","Register Email"
"This email will be used to create a new account at Mageplaza.com, Mageplaza help desk (to get priority support).","This email will be used to create a new account at Mageplaza.com, Mageplaza help desk (to get priority support)."
"Product Key","Product Key"
"One or more Mageplaza extensions are not validated. Click <a href=""%1"">here</a> to validate them.","One or more Mageplaza extensions are not validated. Click <a href=""%1"">here</a> to validate them."
"Receive extension updates and promotion offers from Mageplaza","Receive extension updates and promotion offers from Mageplaza"
"Mageplaza Extensions","Mageplaza Extensions"
Information,Information
"General Configuration","General Configuration"
"Enable Notifications","Enable Notifications"
"Select Yes to get latest updates from Mageplaza.","Select Yes to get latest updates from Mageplaza."
Category,Category
"Select categories that you want to receive notifications","Select categories that you want to receive notifications"
"Enable Mageplaza Menu","Enable Mageplaza Menu"
"If yes, the Mageplaza menu will be displayed on the admin navigation. All of the Mageplaza module menu will be displayed there.","If yes, the Mageplaza menu will be displayed on the admin navigation. All of the Mageplaza module menu will be displayed there."
Changelog,Changelog
Invalid method %1::%2,Invalid method %1::%2
No %1 error found,No %1 error found
"%1 days left","%1 days left"
"Actions","Actions"
"Check now","Check now"
"Checking…","Checking…"
"Click Check now to get the latest extension information.","Click Check now to get the latest extension information."
"Configure","Configure"
"Current","Current"
"Dismiss promotion","Dismiss promotion"
"Expired","Expired"
"Extension","Extension"
"Installed Mageplaza extensions","Installed Mageplaza extensions"
"Invalid form key. Please reload the page.","Invalid form key. Please reload the page."
"Last checked: %1","Last checked: %1"
"Last checked: never","Last checked: never"
"Latest","Latest"
"My Extensions","My Extensions"
"My License","My License"
"No Mageplaza extensions are available to check.","No Mageplaza extensions are available to check."
"No Mageplaza extensions are installed.","No Mageplaza extensions are installed."
"Please wait a moment before checking again.","Please wait a moment before checking again."
"Renew","Renew"
"Request a feature","Request a feature"
"Request feature","Request feature"
"See what's new","See what's new"
"Subscription","Subscription"
"Support","Support"
"Support / Subscription","Support / Subscription"
"The last check failed. Previously checked data is shown below.","The last check failed. Previously checked data is shown below."
"Unable to check for updates. Please try again later.","Unable to check for updates. Please try again later."
"Update available","Update available"
"Upgrade edition","Upgrade edition"
"Installed Extensions","Installed Extensions"
"Unable to check for updates. Please reload the page and try again.","Unable to check for updates. Please reload the page and try again."
"%1 paid extension(s) are not linked to a license for this domain.","%1 paid extension(s) are not linked to a license for this domain."
"Some licenses are not linked to this domain yet.","Some licenses are not linked to this domain yet."
"Link licenses","Link licenses"
"Manage license #%1","Manage license #%1"
"Manage license","Manage license"
